venue_id,source_ref,venue_id,name,acronym,type,area,publisher_or_organizer,official_url,quartile_or_rank,ranking_source,indexing,venue_family,q1_accessibility_class,accessibility_rationale,accessibility_confidence,realistic_publication_chance,recommended_submission_strategy,difficulty,best_for,desk_reject_risks,relevance_to_my_fields,paper_profiles_supported,time_to_first_decision,time_to_acceptance,time_acceptance_to_online,estimated_total_publication_time,publication_speed_category,review_rigor,expected_review_rounds,fast_track_available,online_first_available,data_descriptor_format_available,software_article_format_available,timeline_confidence,timeline_source,suitability_if_fast_publication_needed,notes_on_publication_delay,recent_related_papers,verification_links,notes
V1,V1 from perplexity_final_response1.csv,V1,IEEE Transactions on Parallel and Distributed Systems,TPDS,journal,architecture/HPC/cloud,IEEE Computer Society,https://www.computer.org/csdl/journal/td,"Q1 in Computational Theory & Mathematics, Hardware & Architecture, Signal Processing; SJR≈2.10",Scimago/Resurchify 2024–2025[web:30][web:39],Scopus; Web of Science[web:42],1,elite Q1,Flagship parallel/distributed systems journal with very high SJR and h-index; widely regarded as top-tier.,high,low–moderate,ambitious target,very high,"architecture, cloud/system implementation, sustainability/energy","High if scope mismatch (pure theory ML, narrow education focus)","Cloud scheduling, datacenter simulation, energy-aware computing, heterogeneous architectures",applied ML; cloud/distributed; energy-aware computing; systems; architecture,not verified,not verified,not verified,not verified,"medium–slow (≥6 months, not verified)",very rigorous,likely 2 rounds,unknown,likely yes (Early Access via IEEE Xplore),no,no,low,not verified (no official stats),low (prestige over speed),not verified,https://www.researchbite.com/impact/details/26098[web:30]; https://www.scimagojr.com/journalsearch.php?q=26098&tip=sid[web:39],Treat as top-ambition for systems/cloud/green-computing work.,
V2,V2 from perplexity_final_response1.csv,V2,Future Generation Computer Systems,FGCS,journal,architecture/HPC/cloud,Elsevier B.V.,https://www.sciencedirect.com/journal/future-generation-computer-systems,"Q1 in Computer Networks & Communications, Hardware & Architecture, Software; SJR≈1.55–2.04",Scimago/Resurchify 2024–2025[web:31][web:34][web:37],Scopus; Web of Science[web:40],1,strong Q1,"High SJR, large but selective; core for cloud, distributed, edge, green and data-center systems.",high,moderate,ambitious or realistic Q1 (depending on paper strength),high,"architecture, cloud/system implementation, sustainability/energy","Medium if off-topic (pure education, very narrow ML theory)","Cloud computing, edge/serverless, scheduling, green computing, simulation platforms",cloud/distributed; sustainability/energy; software/platform; systems,not verified,not verified,not verified,not verified,medium–slow (not verified),rigorous,likely 2 rounds,no explicit,likely yes (online first),no,no,low,not verified,low–medium,https://www.resurchify.com/impact/details/12264[web:34]; https://www.scimagojr.com/journalsearch.php?q=12264&tip=sid[web:37],"Very suitable for CloudSim/CloudSim Plus, energy-aware scheduling, heterogeneous data centers.",,
V3,V3 from perplexity_final_response1.csv,V3,Journal of Parallel and Distributed Computing,JPDC,journal,architecture/HPC/cloud,Academic Press / Elsevier,https://www.sciencedirect.com/journal/journal-of-parallel-and-distributed-computing,"Q1 in Computer Networks & Communications, Hardware & Architecture, Software; AI Q2; SJR≈0.98",Scimago/Resurchify 2025[web:35],Scopus; Web of Science[web:41],1,strong Q1,Q1 in core systems categories but below TPDS/FGCS in SJR; good reputation and strong applied focus.,high,moderate–reasonable,realistic target,high,"cloud/system implementation, sustainability/energy",Medium if not clearly systems-oriented (pure pedagogy or only ML theory).,"Parallel/distributed systems, resource allocation, simulation, scheduling, green computing.",cloud/distributed; energy-aware computing; systems; software/platform,not verified,not verified,not verified,not verified,"medium (6–9 months, not verified)",rigorous,likely 2 rounds,unknown,likely yes,no,no,low,not verified,medium,https://www.resurchify.com/impact/details/25621[web:35],"Strong target for solid, experimental systems work, including CloudSim-based schedulers.",,
V4,V4 from perplexity_final_response1.csv,V4,Pattern Recognition,PR,journal,ML/CV/biometrics/doc AI,Elsevier,https://www.sciencedirect.com/journal/pattern-recognition,"Q1 in Artificial Intelligence, Computer Vision & Pattern Recognition, Signal Processing, Software; SJR≈2.06; IF≈9.8",Scimago/Resurchify 2024–2025[web:153][web:156][web:160],Scopus; Web of Science[web:162],"2,3,4,6",strong Q1,"High SJR and impact, but below TPAMI/IJCV; publishes many strong but applied CV/biometrics/doc-analysis works.",high,moderate,ambitious or realistic Q1 (depending on novelty),high,"applied AI, computer vision, biometrics/security, HTR/OCR/document analysis, dataset/benchmark","High if weak evaluation, narrow dataset, or incremental without positioning.","FAS/PAD, robust CV evaluation, document analysis, HTR, domain adaptation, OOD generalization.",applied AI; computer vision; biometrics/security; HTR/OCR/document analysis; dataset/benchmark,not verified,not verified,not verified,not verified,medium–slow (not verified),rigorous,likely 2 rounds,no,yes (online first),no,no,low,not verified,low–medium,https://www.resurchify.com/impact/details/24823[web:156]; https://www.scimagojr.com/journalsearch.php?q=24823&tip=sid[web:160],"One of your best cross-cutting venues: FAS, HTR, robust evaluation and architecture-aware CV all fit.",,
V5,V5 from perplexity_final_response1.csv,V5,Pattern Recognition Letters,PRL,journal,ML/CV/biometrics/doc AI,Elsevier,https://www.sciencedirect.com/journal/pattern-recognition-letters,AI journal; SJR≈1.0; IF≈4.5 (2024),Resurchify/Scimago 2025[web:154][web:157][web:166][web:163],Scopus; Web of Science[web:166],"2,3,4,6",mid-tier Q1 (likely),"Lower SJR than PR; shorter-format, focused contributions; still reputable and well indexed.",medium,reasonable,realistic Q1 target,medium–high,"applied AI, computer vision, biometrics/security, HTR/OCR/document analysis","Medium if scope mismatch (pure education, very agricultural with no CV/PR angle).","Compacted FAS/HTR methods, robust evaluation notes, dataset/test protocol notes.",applied AI; computer vision; biometrics/security; HTR/OCR/document analysis; dataset/benchmark,not verified,not verified,not verified,not verified,medium (not verified),rigorous–moderate,likely 1–2 rounds,no,yes,no,no,low,not verified,high (relative to elite tier),https://www.resurchify.com/impact/details/24825[web:154]; https://www.scimagojr.com/journalsearch.php?q=24825&tip=sid[web:157],Good place for strong but narrower FAS/HTR contributions with solid experimentation.,,
V6,V6 from perplexity_final_response1.csv,V6,IEEE Transactions on Pattern Analysis and Machine Intelligence,TPAMI,journal,ML/CV,IEEE Computer Society,https://www.computer.org/csdl/journal/tp,Q1 in CVPR & AI; extremely high SJR and IF,"Scimago/Resurchify, IEEE metrics[web:53][web:56][web:59][web:65][web:76]",Scopus; Web of Science,"2,3",elite Q1,Top CV/ML journal; extremely selective; used for foundational advances.,high,very low,ambitious target,very high,"theoretical, applied AI, computer vision",Very high if incremental or dataset-only; expects major conceptual contributions.,"Foundational robust CV/ML, OOD theory, major FAS or HTR breakthroughs.",theoretical; applied AI; computer vision; biometrics/security,not verified,not verified,not verified,not verified,slow (likely >9 months; not verified),very rigorous,likely 2–3+ rounds,no,yes,no,no,low,not verified,very low (do not use for speed),https://www.resurchify.com/impact/details/24254[web:53]; https://www.scimagojr.com/journalsearch.php?q=24254&tip=sid[web:56],Use only for truly top-tier contributions.,,
V7,V7 from perplexity_final_response1.csv,V7,International Journal of Computer Vision,IJCV,journal,CV,Springer,https://www.springer.com/journal/11263,Q1 in CS; SJR≈3.1; IF≈12.8,Scimago/Resurchify[web:54][web:57][web:63],Scopus; Web of Science,3,elite Q1,One of the top CV journals; very high impact and prestige.,high,very low,ambitious target,very high,"computer vision, robust evaluation, domain generalization",High if incremental or narrow; needs strong conceptual or empirical advance.,"Deep CV architectures, robust evaluation, domain/generalization analyses.",computer vision; applied AI; dataset/benchmark,not verified,not verified,not verified,not verified,slow (not verified),very rigorous,likely 2–3+ rounds,no,yes,no,no,low,not verified,very low (not for speed),https://www.resurchify.com/impact/details/72242[web:57]; https://www.scimagojr.com/journalsearch.php?q=72242&tip=sid[web:63],Excellent but demanding option for robust CV/HTR/FAS papers.,,
V8,V8 from perplexity_final_response1.csv,V8,Journal of Machine Learning Research,JMLR,journal,ML,Microtome Publishing,https://www.jmlr.org,"Q1 in AI, Control & Systems Eng, Software, Statistics; SJR≈2.0; h-index 280",Scimago/ResearchBite[web:61][web:64],Scopus,"2,12",elite Q1,"Top ML journal, especially for theoretical work; selective.",high,very low for applied-only,ambitious target,very high,"theoretical, representation learning, robust generalization",High if mostly applied CV/education/agri without strong ML novelty.,"ML theory of domain adaptation/OOD, representation learning, diagnostics.",theoretical; applied AI; dataset/benchmark,not verified,not verified,not verified,not verified,slow (not verified),very rigorous,likely 2+,no,online,no,no,low,not verified,very low for speed,https://www.researchbite.com/impact/details/20969[web:58][web:61],"Reserve for ML-centric, theory-heavy work.",,
V9,V9 from perplexity_final_response1.csv,V9,IEEE Transactions on Information Forensics and Security,TIFS,journal,biometrics/security,IEEE,https://signalprocessingsociety.org/publications-resources/ieee-transactions-information-forensics-and-security,Q1 in Communications & Safety; SJR≈2.14; IS≈9.65,Scimago/Resurchify[web:111][web:117][web:114],Scopus; Web of Science[web:114],4,elite/strong Q1,"Flagship for information forensics, security and biometrics.",high,low,ambitious target,very high,"biometrics/security, FAS/PAD, deepfake detection",High if work is only incremental or lacks strong security framing.,"FAS/PAD with security angle, template protection, forensics.",biometrics/security; computer vision,not verified,not verified,not verified,not verified,slow (not verified),very rigorous,likely 2–3,no,yes,no,no,low,not verified,very low,https://www.researchbite.com/impact/details/4000149002[web:111]; https://www.scimagojr.com/journalsearch.php?q=4000149002&tip=sid[web:117],Key target for security-centric FAS/PAD and deepfake work.,,
V10,V10 from perplexity_final_response1.csv,V10,IET Biometrics,IETB,journal,biometrics,Wiley / IET,https://ietresearch.onlinelibrary.wiley.com/journal/20474946,Q2 in CVPR; IF≈2.45; SJR≈0.65,Scimago/Resurchify[web:118][web:116][web:110],Scopus; Web of Science[web:122],4,strong Q2,Specialized biometric venue with good but not top-tier metrics.,high,reasonable,realistic Q2 fallback,medium–high,"biometrics/security (PAD, FAS, template protection)",Medium if outside biometrics (pure cloud/edtech/agri).,"Lightweight/real-time FAS, explainable FAS, biometric security systems.",biometrics/security; software/platform,not verified (only anecdotal 33 weeks),≈33 weeks avg review cycle from Chinese summary (unofficial)[web:110],not verified,not verified,"medium (≈8 months, low-confidence)",rigorous–moderate,likely 1–2,no,online first,no,no,low,author reports on Chinese site (low–medium),medium if speed is crucial,https://www.scimagojr.com/journalsearch.php?q=21100216567&tip=sid[web:118]; https://www.researchbite.com/impact/details/21100216567[web:116],Good specialist home for strong FAS/PAD with reasonable acceptance chance.,,
V11,V11 from perplexity_final_response1.csv,V11,International Journal on Document Analysis and Recognition,IJDAR,journal,document analysis/HTR,Springer,https://www.springer.com/journal/10032,SJR≈0.83; quartile not clearly exposed but likely Q2 in CS/AI,Resurchify/Scimago[web:81][web:79][web:83],Scopus; Web of Science[web:83][web:85],"5,6",strong Q2 (medium-confidence),"Core DA/OCR/HTR journal, but SJR lower than PR.",medium,reasonable,realistic target,medium,"HTR/OCR/document analysis, dataset/protocol work",Medium if work is purely FAS or agri without document angle.,"HTR, multilingual HTR, low-resource HTR datasets, annotation protocols.",HTR/OCR/document analysis; dataset/benchmark,not verified,not verified,not verified,not verified,medium (not verified),rigorous,likely 2,no,online first,no,no,low,not verified,medium,https://www.resurchify.com/impact/details/130138[web:81]; https://www.scimagojr.com/journalsearch.php?q=130138&tip=sid[web:79],Primary journal for HTR/OCR/document analysis in your portfolio.,,
V12,V12 from perplexity_final_response1.csv,V12,IET Image Processing,IET-IP,journal,CV/doc analysis,Wiley / IET,https://ietresearch.onlinelibrary.wiley.com/journal/17519667,Best quartile Q2; SJR≈0.51; IS≈2.73,ResearchBite/Scimago[web:158][web:155][web:161][web:164],Scopus; Web of Science,5,strong Q2,"Well-indexed, moderate SJR; good for applied CV and doc-analysis.",high,reasonable,realistic Q2 fallback,medium–high,"computer vision, document analysis",Medium if scope mismatch (education-only or pure chemometrics).,Applied CV/HTR/DocAI with solid experimentation.,computer vision; HTR/OCR/document analysis,not verified,not verified,not verified,not verified,medium (not verified),moderate–rigorous,likely 1–2,no,online first,no,no,low,not verified,medium–high,https://www.researchbite.com/impact/details/5400152646[web:158]; https://www.scimagojr.com/journalsearch.php?q=5400152646&tip=sid[web:164],Good “workhorse” Q2 venue for CV/HTR/DocAI.,,
V13,V13 from perplexity_final_response1.csv,V13,Computers & Education,C&E,journal,EdTech / CS Ed,Elsevier,https://www.sciencedirect.com/journal/computers-and-education,Q1 in Education and CS Applications; very high IF and h-index[web:12][web:21][web:77],Scopus; Web of Science,"6,7",elite Q1,Leading EdTech journal; extremely competitive.,high,low,ambitious target,very high,"educational technology, computing education systematic reviews","High if weak methodology or small, uncontrolled studies.","CS1, K–12 computing, CT, AI-supported programming, robust evaluation, PRISMA reviews.",educational technology; computing education; systematic review,not verified,not verified,not verified,not verified,slow (likely >9 months; not verified),very rigorous,likely 2–3,no,yes,no,no,low,not verified,low,https://www.scimagojr.com/journalsearch.php?q=17645&tip=sid[web:12]; bibliometric analyses showing Q1 dominance[web:70][web:73],"Your top option for high-impact EdTech/CS‑ed work, but very demanding.",,,
V14,V14 from perplexity_final_response1.csv,V14,Education and Information Technologies,EAIT,journal,EdTech,Springer,https://www.springer.com/journal/10639,Q1 in Education; IF≈5.4 (2025)[web:75][web:84][web:80],Scopus; Web of Science[web:80],6,strong Q1,High-quality but more accessible than C&E; broad EdTech scope.,high,moderate,realistic Q1 target,high,educational technology,Medium if weak methods or off-topic.,"Programming education, CT, AI-in-education, curriculum analysis.",educational technology; computing education; systematic review,not verified,not verified,not verified,not verified,medium (not verified),rigorous,likely 2,no,yes,no,no,low,not verified,medium–high,https://www.resurchify.com/impact/details/144955[web:84]; https://journalsearches.com/journal.php?title=education+and+information+technologies[web:75],Very good balance between quality and realism for EdTech.,,,
V15,V15 from perplexity_final_response1.csv,V15,IEEE Transactions on Learning Technologies,TLT,journal,EdTech / learning analytics,IEEE,https://www.scimagojr.com/journalsearch.php?q=19700167026&tip=sid,"Q1 in CS Applications, Education, E-learning; SJR≈1.14; IS≈5.7[web:11][web:17][web:14][web:20]",Scopus; Web of Science[web:20],"6,7",strong Q1,"High-quality IEEE EdTech venue, strong on learning technologies.",high,moderate,ambitious/realistic Q1,high,"educational technology, learning analytics",Medium if purely qualitative with limited tech.,"AI-supported programming, learning analytics, adaptive systems in CS1.",educational technology; computing education,not verified,not verified,not verified,not verified,medium (not verified),rigorous,likely 2,no,yes,no,no,low,not verified,medium,https://www.researchbite.com/impact/details/19700167026[web:11]; https://www.scimagojr.com/journalsearch.php?q=19700167026&tip=sid[web:17],Good alternative to C&E with strong tech focus.,,,
V16,V16 from perplexity_final_response1.csv,V16,ACM Transactions on Computing Education,TOCE,journal,CS education,ACM,https://dl.acm.org/journal/toce,Q1 in CS(misc.) and Education; SJR≈0.78; CiteScore≈7.2[web:10][web:22][web:13][web:19],Scopus; Web of Science,7,strong Q1,Flagship CS-ed journal; smaller volume than C&E/EAIT; rigorous.,high,low–moderate,ambitious/realistic Q1,very high,"computing education, CS1/CS2, curriculum guidelines (ACM/IEEE), systematic reviews",High if weak study design or very narrow population.,"CS1, CT, architecture education, RISC-V education.",computing education; engineering education; systematic review,not verified,not verified,not verified,not verified,slow (likely >9 months; not verified),very rigorous,likely 2–3,no,online,no,no,low,not verified,low,https://journalsearches.com/journal.php?title=acm+transactions+on+computing+education[web:10]; https://www.scimagojr.com/journalsearch.php?q=19700183047&tip=sid[web:22],Primary outlet for CS-ed work.,,,
V17,V17 from perplexity_final_response1.csv,V17,Computers and Electronics in Agriculture,CEA,journal,agri AI / HSI / food,Elsevier,https://www.sciencedirect.com/journal/computers-and-electronics-in-agriculture,"Q1 in Agronomy & Crop Science, Animal Science & Zoology, CS Applications; SJR≈1.58–1.83; IF≈10.7[web:90][web:93][web:96][web:98][web:101]",Scopus; Web of Science[web:101],"9,10,11",strong Q1,"Very strong agri+computing journal, high impact and citations.",high,moderate,ambitious/realistic Q1,high,agriculture/remote sensing; hyperspectral imaging; food safety/chemometrics,Medium if too educational or architectural with no agri focus.,"Wheat detection, NIR-HSI cereal contamination, DON screening, precision agriculture ML.",agriculture/remote sensing; hyperspectral imaging; food safety/chemometrics; applied AI,not verified,not verified,not verified,not verified,medium (not verified),rigorous,likely 2,no,yes,no,no,low,not verified,medium,https://www.resurchify.com/impact/details/30441[web:96]; https://www.scimagojr.com/journalsearch.php?q=30441&tip=sid[web:98],Core for your agricultural AI + HSI + DON/mycotoxin work.,,,
V18,V18 from perplexity_final_response1.csv,V18,Precision Agriculture,PA,journal,precision ag,Springer,https://link.springer.com/journal/11119,Q1 in Agricultural & Biological Sciences; SJR≈1.21–1.34,Scimago/ResearchBite[web:91][web:94][web:99],Scopus; Web of Science[web:99],"9,10",strong Q1,"Key precision ag journal, slightly narrower than CEA.",high,moderate,ambitious/realistic Q1,high,"agriculture/remote sensing, AI for sustainability",Medium if focus is purely CV/ML with little agri relevance.,"Field-scale detection, precision wheat monitoring, sustainability-focused agri AI.",agriculture/remote sensing; AI for sustainability,not verified,not verified,not verified,not verified,medium (not verified),rigorous,likely 2,no,yes,no,no,low,not verified,medium,https://journalsearches.com/journal.php?title=precision+agriculture[web:91]; https://www.researchbite.com/impact/details/86245[web:94],Excellent for agronomy-focused AI.,,
V19,V19 from perplexity_final_response1.csv,V19,Chemometrics and Intelligent Laboratory Systems,ChemoLab,journal,chemometrics/HSI,Elsevier,https://www.sciencedirect.com/journal/chemometrics-and-intelligent-laboratory-systems,Best quartile Q2; SJR≈0.65; IS≈4.2–4.6,Scimago/Resurchify[web:92][web:95][web:100],Scopus; Web of Science,11,strong Q2,Main chemometrics journal; widely respected.,high,moderate–reasonable,realistic Q2 target,high,hyperspectral imaging; chemometrics; calibration transfer; spectral ML,Medium if paper is pure CV/doc analysis with no chemometric angle.,"NIR-HSI, calibration transfer, DON/mycotoxin modeling, batch effects.",hyperspectral imaging; food safety/chemometrics; agriculture/remote sensing; applied AI,not verified,not verified,not verified,not verified,medium (not verified),rigorous,likely 2,no,yes,no,yes (Original Software Publications)[web:103],low,not verified,medium,https://www.researchbite.com/impact/details/24595[web:95]; https://www.sciencedirect.com/journal/chemometrics-and-intelligent-laboratory-systems[web:103],Ideal for your chemometrics + HSI + calibration transfer work (including software papers).,,
V20,V20 from perplexity_final_response1.csv,V20,Scientific Data,SciData,journal,data descriptors,Nature Research,https://www.nature.com/sdata,"Q1 in CS Applications, Education, Info Systems, LIS, Statistics; SJR≈1.87; IF≈6.9",Scimago/Resurchify/Clarivate[web:130][web:133][web:139][web:136],Scopus; Web of Science[web:139],13,strong Q1,High-impact data journal with strict standards.,high,moderate,data descriptor target,high,dataset/benchmark; data descriptor; open science,"High if metadata, documentation or reuse story are weak.","Datasets/benchmarks in FAS, HTR, agri HSI, robust ML evaluation protocols.",dataset/benchmark; data descriptor,4 days (median),"167 days (median submission→acceptance, 2024)[web:136]",not verified,not verified,medium (5–6 months to acceptance),rigorous,likely 2,no,yes,yes,limited,high,official journal metrics page[web:136],low–medium (not optimized for speed),"""Large Language Models in Ophthalmology"" style data‑intensive work; analogous data papers show structured curation[web:68]",https://www.nature.com/sdata[web:136]; https://journalsearches.com/journal.php?title=scientific+data[web:130],Top choice for major datasets/benchmarks; prepare for demanding data curation.,
V21,V21 from perplexity_final_response2.csv,V21,Journal of Systems Architecture,JSA,journal,computer architecture / embedded / systems,Elsevier,https://www.sciencedirect.com/journal/journal-of-systems-architecture,Q1 in Computer Science (hardware/architecture related) in recent Scimago years (exact table en SCImago).,Scimago profile for JSA[web:199],Scopus; probablemente Web of Science (verificar en WoS).,1,strong Q1,Journal centrada en diseño de arquitecturas y sistemas embebidos; SJR alto dentro de arquitectura/sistemas.[web:199],medium,moderate,realistic Q1 target,high,architecture; systems,Media si el trabajo es puramente cloud/ML sin conexión a arquitectura.,"Arquitecturas heterogéneas, RISC-V, seguridad hardware, energía en arquitecturas.[web:199]",architecture; sustainability/energy; hardware security,not verified,not verified,not verified,not verified,medium (estimado),rigorous,likely 2 rounds,no,yes (Elsevier online first),no,no,low,no estadísticas públicas claras; baso la clasificación en SJR y prácticas Elsevier.,medium,"buscar artículos recientes de RISC-V, seguridad hardware, green architectures en JSA.",https://www.scimagojr.com/journalsearch.php?q=12398&tip=sid[web:199],Buena opción para trabajos más de arquitectura que de cloud puro.,
V22,V22 from perplexity_final_response2.csv,V22,Machine Learning,ML,journal,machine learning,Springer,https://www.springer.com/journal/10994,Q1 estable en Artificial Intelligence; listado en rankings ML.[web:67],Scimago (Machine Learning); OOIR/otros rankings.[web:67],Scopus; Web of Science.,"2,12",strong Q1,"Revista clásica de ML, bien posicionada pero algo menos visible que JMLR/TPAMI; buena para teoría/algoritmos y robustez.[web:67]",medium,moderate,ambitious/realistic Q1,high,theoretical ML; robust generalization; domain adaptation,Alta si el artículo es solo CV aplicado sin contribución ML clara.,"Teoría de domain adaptation, robust generalization, representación, diagnósticos de modelos.",theoretical; applied AI; domain adaptation/OOD/robust ML,not verified,not verified,not verified,not verified,medium–slow (estimado),rigorous,likely 2 rounds,no,yes,no,no,low,no métricas oficiales de tiempos; comportamiento típico Springer de ML.,low–medium,consultar Scimago/OOIR para ver posición exacta entre journals de IA.[web:67],https://www.scimagojr.com/journalsearch.php?q=24775&tip=sid[web:67],Buena diana para trabajos teórico‑metodológicos de robustez si ves TPAMI/JMLR demasiado duros.,
V23,V23 from perplexity_final_response2.csv,V23,Computer Vision and Image Understanding,CVIU,CVIU,journal,computer vision / image understanding,Elsevier,https://www.sciencedirect.com/journal/computer-vision-and-image-understanding,Entre Q1 y Q2 según categoría; SJR intermedio en CV/PR.[web:66],Scimago CVIU[web:66],Scopus; Web of Science.,"3,6",borderline Q1/Q2,Revista fuerte pero algo por debajo de IJCV/PR; buena reputación en CV.[web:66],medium,moderate–reasonable,realistic target,medium–high,computer vision; document analysis; robust CV,Media si la contribución es muy incremental o fuera de CV.,"CV para doc AI, robustez, vídeo, métodos aplicados más que breakthrough.",computer vision; HTR/OCR/document analysis; applied AI,not verified,not verified,not verified,not verified,medium (estimado),rigorous,likely 2 rounds,no,yes,no,no,low,no datos oficiales de tiempos.,medium,"mirar tabla de similitud de Scimago (similar a IJCV, PR, etc.).[web:66]",https://www.scimagojr.com/journalsearch.php?q=24161&tip=sid[web:66],Buena alternativa un poco más accesible que IJCV para doc‑AI/robust CV.
V24,V24 from perplexity_final_response2.csv,V24,IEEE Transactions on Education,ToE,journal,engineering & computing education,IEEE,https://ieeexplore.ieee.org/xpl/RecentIssue.jsp?punumber=13,Q1 en Education; Q2 en Electrical & Electronic Engineering; SJR≈0.76.[web:209][web:212][web:220][web:23],Scimago + Resurchify 2024[web:23][web:220],Scopus; Web of Science.[web:23],"7,8,9",strong Q1,Transacciones históricas de educación en ingeniería/EE/CS; bien posicionada en Education.[web:23][web:217],high,moderate,realistic Q1 target,high,engineering education; computing education; curriculum/innovación docente,Media si el trabajo es puramente ML/CV sin foco educativo.,"Educación en arquitectura, RISC‑V, hardware security, CS1/CS2, evaluaciones curriculares.[web:217]",computing education; engineering education; educational technology,not verified,not verified,not verified,not verified,medium (estimado),rigorous,likely 2 rounds,no,yes,no,no,low,no datos oficiales de tiempos; reseñas describen revisión exigente.[web:217],medium,ver fichas de impacto y SJR en Resurchify/AskBisht.[web:209][web:220][web:212],https://www.scimagojr.com/journalsearch.php?q=17344&tip=sid[web:23],Muy adecuada para educación en arquitectura y hardware security.,
V25,V25 from perplexity_final_response2.csv,V25,Journal of Engineering Education,JEE,journal,engineering education,Wiley-Blackwell / ASEE,https://onlinelibrary.wiley.com/journal/21689830,Q1 en Education y Engineering (miscellaneous); SJR≈1.859.[web:213][web:218][web:221],Resurchify + Scimago 2024–2025[web:218],Scopus; Web of Science.[web:221],9,elite/strong Q1,Principal revista internacional de educación en ingeniería; muy selectiva.[web:218][web:221],high,low–moderate,ambitious/realistic Q1,very high,engineering education; curriculum; outcomes,Alta si la metodología educativa no es muy sólida.,"Estudios de ingeniería (incl. computación) sobre currículo, resultados de aprendizaje, competencias.[web:218]",engineering education; educational technology; computing education,not verified,not verified,not verified,not verified,slow–medium (estimado),very rigorous,likely 2–3 rounds,no,yes,no,no,low,sin estadísticas públicas; comportamiento típico de revista muy selectiva.,low,ver perfil de JEE en Resurchify/Scimago para impacto y Q1.[web:218][web:213],https://www.resurchify.com/impact/details/12481[web:218],Para estudios de educación en ingeniería más generales o de alto impacto.,
V26,V26 from perplexity_final_response2.csv,V26,European Journal of Engineering Education,EJEE,journal,engineering education,Taylor & Francis,https://www.tandfonline.com/journals/ceee20,Q1 en 2024; SJR≈1.18.[web:215],AskBisht/Scimago 2024[web:215],Scopus; Web of Science.,9,strong Q1,"Revista europea consolidada de educación en ingeniería, bien situada en Q1.[web:215]",medium–high,moderate–reasonable,realistic Q1 target,high,engineering education; curriculum; pedagogy,Media si el foco no es ingeniería/tecnología.,"Estudios sobre educación en ingeniería (incl. CS, arquitectura hardware) con base empírica sólida.",engineering education; computing education; educational technology,not verified,not verified,not verified,not verified,medium (estimado),rigorous,likely 2 rounds,no,yes,no,no,low,no datos oficiales de tiempos.,medium–high,ver SJR y clasificación en AskBisht.[web:215],https://askbisht.com/journals/european-journal-of-engineering-education[web:215],Buen objetivo para educación en ingeniería con menos presión que JEE.,
V27,V27 from perplexity_final_response2.csv,V27,International Journal of STEM Education,IJSTEM,journal,STEM / computing / engineering education,SpringerOpen,https://stemeducationjournal.springeropen.com,Q1 en Education; SJR≈2.606; IF≈10.35.[web:211][web:214][web:216][web:219],Resurchify + AskBisht + WoS 2024–2025[web:216][web:219],Scopus; Web of Science.[web:219],"7,8,9",elite/strong Q1,OA de alto impacto en educación STEM; percentil ~99% en Education.[web:216][web:219],high,moderate,ambitious/realistic Q1,high,computing education; engineering education; K–12 STEM,"Alta si el estudio es muy local sin discusión general, o diseño metodológico débil.","Estudios de CT, programación, CS en K–12, educación en arquitectura/CS en clave STEM.[web:216][web:219]",computing education; engineering education; educational technology; systematic review,not verified,not verified,not verified,not verified,medium (estimado),rigorous,likely 2 rounds,no,yes (OA),no,no,low,no tiempos oficiales; impacto alto sugiere revisión exigente.,medium,ver ficha IJSTEM en Resurchify/AskBisht/WoS.[web:216][web:214][web:219],https://www.resurchify.com/impact/details/21100873488[web:216],Muy interesante para trabajos STEM integrando CT/CS + hardware/arquitectura.,
V28,V28 from perplexity_final_response2.csv,V28,Remote Sensing of Environment,RSE,journal,remote sensing / Earth observation,Elsevier,https://www.sciencedirect.com/journal/remote-sensing-of-environment,"Q1 en Computers in Earth Sciences, Geology, Soil Science; SJR≈4.06; IF≈11–14.[web:177][web:180][web:200]",ResearchBite/Resurchify/JournalMetrics 2024–2025[web:177][web:180][web:200],Scopus; Web of Science.[web:186],"9,10",elite Q1,Revista top en teledetección; SJR e IF muy altos; extremadamente influyente.[web:177][web:180],high,low,ambitious target,very high,agriculture/remote sensing; AI for sustainability; hyperspectral imaging,Alta si enfoque es demasiado CS sin contribución clara a teledetección.,"Clasificación de cultivos, HSI a gran escala, detección de estrés hídrico, mapas de rendimiento y sostenibilidad.[web:180][web:197]",agriculture/remote sensing; hyperspectral imaging; AI for sustainability,not verified,not verified,not verified,not verified,"slow–medium (estimado, revista muy demandada)",very rigorous,likely 2–3 rounds,no,yes,no,no,low,no estadísticas formales de tiempos; bibliometría muestra alta demanda.,low,ver métricas detalladas en ResearchBite/JournalMetrics/Scimago.[web:177][web:180][web:186][web:197],https://www.resurchify.com/impact/details/12503[web:180],Para trabajos de teledetección agrícola de máximo impacto.,
V29,V29 from perplexity_final_response2.csv,V29,Remote Sensing,RS,journal,remote sensing / imaging,MDPI,https://www.mdpi.com/journal/remotesensing,SJR≈1.02; Q1–Q2 en categorías de Remote Sensing (WoS Q2 en algunos listados).[web:178][web:184][web:187],Resurchify/Scimago/WoS 2024–2025[web:178][web:184],Scopus; Web of Science.[web:184],"9,10",strong Q2 / borderline Q1/Q2,Journal OA muy productivo en remote sensing; SJR sólido pero por debajo de RSE.[web:178][web:184],medium,moderate–reasonable,realistic target,high,agriculture/remote sensing; HSI; sustainability,Media si el trabajo es muy incremental; cuidado con calidad metodológica.,"Teledetección agrícola, HSI, índices espectrales para cultivos, UAV, etc.[web:178][web:184]",agriculture/remote sensing; hyperspectral imaging; AI for sustainability,not verified,not verified,not verified,not verified,"fast–medium (MDPI suele ser relativamente rápido, pero no verificado)",moderate–rigorous,likely 1–2 rounds,no,"yes (OA, publicación continua)",no,no,low,no datos formales; MDPI suele apuntar a 1–2 meses a primera decisión (tomar con cautela).,high (comparado con RSE),ver perfil en Resurchify/Scimago/WoS; revisar APCs y política editorial.[web:178][web:184],https://www.resurchify.com/impact/details/86430[web:178],Buena opción para remote sensing agrícola con énfasis aplicado y tiempos razonables.,
V30,V30 from perplexity_final_response2.csv,V30,Remote Sensing Applications: Society and Environment,RSASE,journal,applied remote sensing,Elsevier,https://www.sciencedirect.com/journal/remote-sensing-applications-society-and-environment,Q1 en Computers in Earth Sciences y áreas afines.[web:183],Resurchify 2025[web:183],Scopus; probablemente Web of Science.,"9,10",strong Q1,Revista aplicada de remote sensing con foco en aplicaciones sociales/ambientales.[web:183],medium–high,moderate–reasonable,realistic Q1 target,high,agriculture/remote sensing; AI for sustainability,Media si el trabajo es muy metodológico sin impacto en aplicaciones.,"Aplicaciones de RS/HSI a agricultura sostenible, seguridad alimentaria, recursos hídricos, etc.[web:183]",agriculture/remote sensing; AI for sustainability; hyperspectral imaging,not verified,not verified,not verified,not verified,medium (estimado),rigorous,likely 2 rounds,no,yes,no,no,low,no tiempos públicos; Elsevier mid‑tier típico.,medium,ver ficha RSASE en Resurchify para confirmar Q1 y SJR.[web:183],https://www.resurchify.com/impact/details/21100416071[web:183],Muy apropiada si quieres énfasis en impacto social/ambiental.,
V31,V31 from perplexity_final_response2.csv,V31,Food Control,Food Control,journal,food safety / quality,Elsevier,https://www.sciencedirect.com/journal/food-control,Q1 en Food Science & Technology (percentil alto).[web:207],Scimago 2023–2024[web:207],Scopus; Web of Science.,11,strong Q1,"Revista sólida en control de calidad y seguridad alimentaria, Q1 estable.[web:207]",high,moderate,ambitious/realistic Q1,high,food safety/chemometrics; food quality,Media si el trabajo es muy ML pero sin narrativa clara de seguridad alimentaria.,"Detección de micotoxinas, control de calidad de cereales, modelos de riesgo, protocolos de muestreo.",food safety/chemometrics; agriculture/remote sensing,not verified,not verified,not verified,not verified,medium (estimado),rigorous,likely 2 rounds,no,yes,no,no,low,no tiempos oficiales; Elsevier Q1 típico.,medium,ver tabla de categorías en Scimago (Food Control Q1).[web:207],https://www.scimagojr.com/journalsearch.php?q=22577&tip=sid[web:207],Complemento natural a Food Chemistry para trabajos más de control y regulación.,
V32,V32 from perplexity_final_response2.csv,V32,Comprehensive Reviews in Food Science and Food Safety,CRFSFS,journal,food safety / reviews,Wiley / IFT,https://ift.onlinelibrary.wiley.com/journal/15414337,Q1 en Food Science & Technology; percentil muy alto.[web:205],Scimago 2024[web:205],Scopus; Web of Science.,11,elite/strong Q1,Revista de revisiones de altísimo impacto en ciencia y seguridad alimentaria.[web:205],high,low–moderate,ambitious target,very high,food safety/chemometrics; systematic review,Alta si no es realmente una revisión sistemática/estado del arte profundo.,"Revisiones sobre micotoxinas, HSI en seguridad alimentaria, métodos de detección, etc.",food safety/chemometrics; hyperspectral imaging; systematic review,not verified,not verified,not verified,not verified,slow–medium (estimado; revisiones largas),very rigorous,likely 2–3 rounds,no,yes,no,no,low,no métricas oficiales de tiempos.,low,ver Scimago / IFT para impacto exacto.,https://www.scimagojr.com/journalsearch.php?q=4900152301&tip=sid[web:205],Buen lugar para una revisión grande sobre HSI + DON + quimiometría.,
V33,V33 from perplexity_final_response2.csv,V33,Journal of Food Safety,J Food Safety,journal,food safety / microbiology,Wiley,https://onlinelibrary.wiley.com/journal/17454565,Q1–Q2 según categoría; SJR intermedio.[web:201],Scimago 2023–2024[web:201],Scopus; Web of Science.,11,borderline Q1/Q2,Revista especializada en seguridad alimentaria y microbiología; algo menos impactante que Food Chemistry/Control.[web:201],medium,moderate–reasonable,realistic Q1/Q2 target,high,food safety; contamination; methods,Media si el trabajo es puramente espectroscópico sin foco en inocuidad/riesgo.,"Estudios de seguridad alimentaria (contaminantes, patógenos) donde el ML/HSI sea un componente fuerte.",food safety/chemometrics,not verified,not verified,not verified,not verified,medium (estimado),rigorous,likely 2 rounds,no,yes,no,no,low,no estadísticas de tiempos.,medium,ver ficha en Scimago para categorías y cuartiles exactos.[web:201],https://www.scimagojr.com/journalsearch.php?q=20612&tip=sid[web:201],Opción algo más accesible dentro de seguridad alimentaria.,
V34,V34 from perplexity_final_response2.csv,V34,Food Safety and Risk,FSR,journal,food safety / risk,Elsevier,https://www.sciencedirect.com/journal/food-safety-and-risk,SJR≈0.608; mejor cuartil Q2 (Scimago).[web:198][web:203],Resurchify + Scimago 2025[web:198][web:203],Scopus (WoS por confirmar).,11,strong Q2,Revista relativamente nueva centrada en seguridad alimentaria y riesgo; Q2 sólido.[web:198][web:203],medium,moderate–reasonable,realistic Q2 target,high,food safety/chemometrics; risk assessment,Media si el foco es más tecnológico (cloud/ML) que de riesgo alimentario.,"Modelos de riesgo, evaluación de exposición a DON, integración de HSI/ML en gestión de riesgo.",food safety/chemometrics; agriculture/remote sensing,not verified,not verified,not verified,not verified,"medium–fast (journal joven, pero no verificado)",moderate–rigorous,likely 1–2 rounds,no,yes,no,no,low,no datos oficiales; por ser nueva puede ser algo más rápida.,medium–high,ver ficha SJR para confirmar categorías y evolución.[web:198][web:203],https://www.scimagojr.com/journalsearch.php?q=21101165608&tip=sid[web:203],Buena opción Q2 orientada a riesgo si el objetivo es un venue sólido pero más accesible.,
V35,V35 from perplexity_final_response2.csv,V35,Data in Brief,DiB,journal,data descriptors (multidisciplinar),Elsevier,https://www.sciencedirect.com/journal/data-in-brief,Mejor cuartil Q2 en Multidisciplinary; SJR≈0.2–0.3.[web:134][web:137][web:140][web:143],ResearchBite/Scimago/AskBisht 2023–2025,Scopus; Web of Science.[web:140],13,strong Q2,"Journal de datos OA, muy usado para publicar datasets complementarios; menos prestigioso que Scientific Data.[web:134][web:137]",high,reasonable,fallback data descriptor target,high,dataset/benchmark; data descriptor,Media si el dataset es muy pequeño o mal documentado.,"Datasets de FAS, HTR, HSI, agricultura, educación que acompañan a otro artículo principal.[web:134]",dataset/benchmark; data descriptor,not verified,not verified,not verified,not verified,"fast–medium (Elsevier indica procesos ágiles, no verificado)",moderate,likely 1–2 rounds,no,yes,yes,no,low,sin métricas públicas; experiencia comunitaria sugiere tiempos razonables.,high (comparado con SciData),ver ficha DiB en Scimago/Resurchify/AskBisht.[web:134][web:137][web:143],https://www.researchbite.com/impact/details/21100372856[web:134],Buen complemento para datasets cuando el paper principal va a un Q1.,
